Ticker,Day,Hour,Price
AAPL,2026-03-01,9:00,323.23
AAPL,2026-03-01,10:00,323.01
AAPL,2026-03-01,11:00,324.06
AAPL,2026-03-01,12:00,326.53
AAPL,2026-03-01,13:00,326.15
AAPL,2026-03-01,14:00,325.77
AAPL,2026-03-01,15:00,328.35
AAPL,2026-03-01,16:00,329.61
AAPL,2026-03-02,9:00,328.84
AAPL,2026-03-02,10:00,329.73
AAPL,2026-03-02,11:00,328.97
AAPL,2026-03-02,12:00,328.21
AAPL,2026-03-02,13:00,328.6
AAPL,2026-03-02,14:00,325.48
AAPL,2026-03-02,15:00,322.68
AAPL,2026-03-02,16:00,321.77
AAPL,2026-03-03,9:00,320.15
AAPL,2026-03-03,10:00,320.65
AAPL,2026-03-03,11:00,319.2
AAPL,2026-03-03,12:00,316.95
AAPL,2026-03-03,13:00,319.29
AAPL,2026-03-03,14:00,318.92
AAPL,2026-03-03,15:00,319.03
AAPL,2026-03-03,16:00,316.77
AAPL,2026-03-04,9:00,315.91
AAPL,2026-03-04,10:00,316.08
AAPL,2026-03-04,11:00,314.27
AAPL,2026-03-04,12:00,314.86
AAPL,2026-03-04,13:00,313.92
AAPL,2026-03-04,14:00,313.46
AAPL,2026-03-04,15:00,312.52
AAPL,2026-03-04,16:00,315.42
AAPL,2026-03-05,9:00,315.4
AAPL,2026-03-05,10:00,313.74
AAPL,2026-03-05,11:00,315.03
AAPL,2026-03-05,12:00,313.11
AAPL,2026-03-05,13:00,313.44
AAPL,2026-03-05,14:00,310.39
AAPL,2026-03-05,15:00,308.33
AAPL,2026-03-05,16:00,308.63
AAPL,2026-03-06,9:00,309.78
AAPL,2026-03-06,10:00,310.04
AAPL,2026-03-06,11:00,309.86
AAPL,2026-03-06,12:00,309.4
AAPL,2026-03-06,13:00,307.12
AAPL,2026-03-06,14:00,306.01
AAPL,2026-03-06,15:00,305.31
AAPL,2026-03-06,16:00,306.93
AAPL,2026-03-07,9:00,307.46
AAPL,2026-03-07,10:00,304.76
AAPL,2026-03-07,11:00,305.25
AAPL,2026-03-07,12:00,304.66
AAPL,2026-03-07,13:00,303.64
AAPL,2026-03-07,14:00,304.57
AAPL,2026-03-07,15:00,306.14
AAPL,2026-03-07,16:00,307.57
MSFT,2026-03-01,9:00,86.23
MSFT,2026-03-01,10:00,86.09
MSFT,2026-03-01,11:00,86.24
MSFT,2026-03-01,12:00,86.66
MSFT,2026-03-01,13:00,86.45
MSFT,2026-03-01,14:00,86.37
MSFT,2026-03-01,15:00,85.89
MSFT,2026-03-01,16:00,85.38
MSFT,2026-03-02,9:00,85.73
MSFT,2026-03-02,10:00,86.31
MSFT,2026-03-02,11:00,86.28
MSFT,2026-03-02,12:00,86.72
MSFT,2026-03-02,13:00,86.87
MSFT,2026-03-02,14:00,86.59
MSFT,2026-03-02,15:00,86.75
MSFT,2026-03-02,16:00,87.42
MSFT,2026-03-03,9:00,87.4
MSFT,2026-03-03,10:00,88.09
MSFT,2026-03-03,11:00,86.94
MSFT,2026-03-03,12:00,87.3
MSFT,2026-03-03,13:00,87.34
MSFT,2026-03-03,14:00,87.21
MSFT,2026-03-03,15:00,87.25
MSFT,2026-03-03,16:00,86.39
MSFT,2026-03-04,9:00,86.29
MSFT,2026-03-04,10:00,86.45
MSFT,2026-03-04,11:00,87.09
MSFT,2026-03-04,12:00,86.86
MSFT,2026-03-04,13:00,86.51
MSFT,2026-03-04,14:00,86.29
MSFT,2026-03-04,15:00,86.69
MSFT,2026-03-04,16:00,86.83
MSFT,2026-03-05,9:00,86.6
MSFT,2026-03-05,10:00,86.83
MSFT,2026-03-05,11:00,86.87
MSFT,2026-03-05,12:00,87.29
MSFT,2026-03-05,13:00,86.98
MSFT,2026-03-05,14:00,86.84
MSFT,2026-03-05,15:00,86.67
MSFT,2026-03-05,16:00,86.04
MSFT,2026-03-06,9:00,86.17
MSFT,2026-03-06,10:00,86.28
MSFT,2026-03-06,11:00,86.28
MSFT,2026-03-06,12:00,86.18
MSFT,2026-03-06,13:00,85.57
MSFT,2026-03-06,14:00,85.39
MSFT,2026-03-06,15:00,85.25
MSFT,2026-03-06,16:00,84.91
MSFT,2026-03-07,9:00,84.84
MSFT,2026-03-07,10:00,85.01
MSFT,2026-03-07,11:00,85.81
MSFT,2026-03-07,12:00,85.89
MSFT,2026-03-07,13:00,86.0
MSFT,2026-03-07,14:00,85.97
MSFT,2026-03-07,15:00,85.15
MSFT,2026-03-07,16:00,85.14
GOOGL,2026-03-01,9:00,204.28
GOOGL,2026-03-01,10:00,206.81
GOOGL,2026-03-01,11:00,206.61
GOOGL,2026-03-01,12:00,206.93
GOOGL,2026-03-01,13:00,206.89
GOOGL,2026-03-01,14:00,205.68
GOOGL,2026-03-01,15:00,206.86
GOOGL,2026-03-01,16:00,207.64
GOOGL,2026-03-02,9:00,208.47
GOOGL,2026-03-02,10:00,207.52
GOOGL,2026-03-02,11:00,208.98
GOOGL,2026-03-02,12:00,207.52
GOOGL,2026-03-02,13:00,208.13
GOOGL,2026-03-02,14:00,210.42
GOOGL,2026-03-02,15:00,209.38
GOOGL,2026-03-02,16:00,208.79
GOOGL,2026-03-03,9:00,208.89
GOOGL,2026-03-03,10:00,208.37
GOOGL,2026-03-03,11:00,206.76
GOOGL,2026-03-03,12:00,206.83
GOOGL,2026-03-03,13:00,205.74
GOOGL,2026-03-03,14:00,206.22
GOOGL,2026-03-03,15:00,205.28
GOOGL,2026-03-03,16:00,206.87
GOOGL,2026-03-04,9:00,206.07
GOOGL,2026-03-04,10:00,205.73
GOOGL,2026-03-04,11:00,206.57
GOOGL,2026-03-04,12:00,205.31
GOOGL,2026-03-04,13:00,205.54
GOOGL,2026-03-04,14:00,206.89
GOOGL,2026-03-04,15:00,205.23
GOOGL,2026-03-04,16:00,205.42
GOOGL,2026-03-05,9:00,205.69
GOOGL,2026-03-05,10:00,206.49
GOOGL,2026-03-05,11:00,205.22
GOOGL,2026-03-05,12:00,203.87
GOOGL,2026-03-05,13:00,204.4
GOOGL,2026-03-05,14:00,204.71
GOOGL,2026-03-05,15:00,204.96
GOOGL,2026-03-05,16:00,205.32
GOOGL,2026-03-06,9:00,204.62
GOOGL,2026-03-06,10:00,204.86
GOOGL,2026-03-06,11:00,205.16
GOOGL,2026-03-06,12:00,204.43
GOOGL,2026-03-06,13:00,206.34
GOOGL,2026-03-06,14:00,206.83
GOOGL,2026-03-06,15:00,205.6
GOOGL,2026-03-06,16:00,206.28
GOOGL,2026-03-07,9:00,205.28
GOOGL,2026-03-07,10:00,206.09
GOOGL,2026-03-07,11:00,207.28
GOOGL,2026-03-07,12:00,206.44
GOOGL,2026-03-07,13:00,207.43
GOOGL,2026-03-07,14:00,207.86
GOOGL,2026-03-07,15:00,208.72
GOOGL,2026-03-07,16:00,210.71
AMZN,2026-03-01,9:00,495.69
AMZN,2026-03-01,10:00,493.83
AMZN,2026-03-01,11:00,491.64
AMZN,2026-03-01,12:00,489.63
AMZN,2026-03-01,13:00,489.45
AMZN,2026-03-01,14:00,490.28
AMZN,2026-03-01,15:00,490.96
AMZN,2026-03-01,16:00,492.99
AMZN,2026-03-02,9:00,493.03
AMZN,2026-03-02,10:00,496.62
AMZN,2026-03-02,11:00,495.97
AMZN,2026-03-02,12:00,502.76
AMZN,2026-03-02,13:00,504.33
AMZN,2026-03-02,14:00,502.18
AMZN,2026-03-02,15:00,499.49
AMZN,2026-03-02,16:00,500.7
AMZN,2026-03-03,9:00,500.14
AMZN,2026-03-03,10:00,501.93
AMZN,2026-03-03,11:00,503.12
AMZN,2026-03-03,12:00,502.94
AMZN,2026-03-03,13:00,500.81
AMZN,2026-03-03,14:00,497.03
AMZN,2026-03-03,15:00,495.92
AMZN,2026-03-03,16:00,498.05
AMZN,2026-03-04,9:00,498.59
AMZN,2026-03-04,10:00,495.49
AMZN,2026-03-04,11:00,495.92
AMZN,2026-03-04,12:00,496.88
AMZN,2026-03-04,13:00,494.68
AMZN,2026-03-04,14:00,495.06
AMZN,2026-03-04,15:00,495.21
AMZN,2026-03-04,16:00,492.39
AMZN,2026-03-05,9:00,493.27
AMZN,2026-03-05,10:00,494.65
AMZN,2026-03-05,11:00,497.34
AMZN,2026-03-05,12:00,499.97
AMZN,2026-03-05,13:00,496.53
AMZN,2026-03-05,14:00,494.21
AMZN,2026-03-05,15:00,495.49
AMZN,2026-03-05,16:00,496.76
AMZN,2026-03-06,9:00,498.04
AMZN,2026-03-06,10:00,507.73
AMZN,2026-03-06,11:00,509.18
AMZN,2026-03-06,12:00,512.08
AMZN,2026-03-06,13:00,514.53
AMZN,2026-03-06,14:00,516.21
AMZN,2026-03-06,15:00,515.39
AMZN,2026-03-06,16:00,517.35
AMZN,2026-03-07,9:00,515.36
AMZN,2026-03-07,10:00,514.75
AMZN,2026-03-07,11:00,513.5
AMZN,2026-03-07,12:00,513.71
AMZN,2026-03-07,13:00,519.69
AMZN,2026-03-07,14:00,514.86
AMZN,2026-03-07,15:00,516.63
AMZN,2026-03-07,16:00,512.48
NVDA,2026-03-01,9:00,57.04
NVDA,2026-03-01,10:00,57.35
NVDA,2026-03-01,11:00,57.37
NVDA,2026-03-01,12:00,57.06
NVDA,2026-03-01,13:00,56.85
NVDA,2026-03-01,14:00,57.05
NVDA,2026-03-01,15:00,56.84
NVDA,2026-03-01,16:00,56.9
NVDA,2026-03-02,9:00,56.91
NVDA,2026-03-02,10:00,56.73
NVDA,2026-03-02,11:00,57.34
NVDA,2026-03-02,12:00,57.52
NVDA,2026-03-02,13:00,56.94
NVDA,2026-03-02,14:00,57.0
NVDA,2026-03-02,15:00,56.81
NVDA,2026-03-02,16:00,57.05
NVDA,2026-03-03,9:00,56.82
NVDA,2026-03-03,10:00,56.79
NVDA,2026-03-03,11:00,56.93
NVDA,2026-03-03,12:00,57.18
NVDA,2026-03-03,13:00,56.84
NVDA,2026-03-03,14:00,56.74
NVDA,2026-03-03,15:00,56.61
NVDA,2026-03-03,16:00,56.43
NVDA,2026-03-04,9:00,56.93
NVDA,2026-03-04,10:00,57.04
NVDA,2026-03-04,11:00,56.68
NVDA,2026-03-04,12:00,56.94
NVDA,2026-03-04,13:00,57.55
NVDA,2026-03-04,14:00,57.85
NVDA,2026-03-04,15:00,57.41
NVDA,2026-03-04,16:00,57.27
NVDA,2026-03-05,9:00,57.64
NVDA,2026-03-05,10:00,57.43
NVDA,2026-03-05,11:00,57.56
NVDA,2026-03-05,12:00,57.78
NVDA,2026-03-05,13:00,57.52
NVDA,2026-03-05,14:00,57.5
NVDA,2026-03-05,15:00,56.57
NVDA,2026-03-05,16:00,56.29
NVDA,2026-03-06,9:00,56.21
NVDA,2026-03-06,10:00,55.87
NVDA,2026-03-06,11:00,56.32
NVDA,2026-03-06,12:00,55.92
NVDA,2026-03-06,13:00,55.8
NVDA,2026-03-06,14:00,55.84
NVDA,2026-03-06,15:00,56.24
NVDA,2026-03-06,16:00,55.84
NVDA,2026-03-07,9:00,56.16
NVDA,2026-03-07,10:00,56.17
NVDA,2026-03-07,11:00,55.89
NVDA,2026-03-07,12:00,56.02
NVDA,2026-03-07,13:00,56.08
NVDA,2026-03-07,14:00,55.91
NVDA,2026-03-07,15:00,55.93
NVDA,2026-03-07,16:00,55.82
TSLA,2026-03-01,9:00,106.42
TSLA,2026-03-01,10:00,106.77
TSLA,2026-03-01,11:00,107.62
TSLA,2026-03-01,12:00,106.96
TSLA,2026-03-01,13:00,108.11
TSLA,2026-03-01,14:00,107.06
TSLA,2026-03-01,15:00,106.97
TSLA,2026-03-01,16:00,107.29
TSLA,2026-03-02,9:00,107.44
TSLA,2026-03-02,10:00,107.11
TSLA,2026-03-02,11:00,107.0
TSLA,2026-03-02,12:00,106.73
TSLA,2026-03-02,13:00,106.42
TSLA,2026-03-02,14:00,106.87
TSLA,2026-03-02,15:00,107.06
TSLA,2026-03-02,16:00,106.69
TSLA,2026-03-03,9:00,107.17
TSLA,2026-03-03,10:00,107.34
TSLA,2026-03-03,11:00,107.77
TSLA,2026-03-03,12:00,108.11
TSLA,2026-03-03,13:00,107.67
TSLA,2026-03-03,14:00,107.37
TSLA,2026-03-03,15:00,107.77
TSLA,2026-03-03,16:00,108.1
TSLA,2026-03-04,9:00,108.09
TSLA,2026-03-04,10:00,108.15
TSLA,2026-03-04,11:00,108.84
TSLA,2026-03-04,12:00,108.52
TSLA,2026-03-04,13:00,108.82
TSLA,2026-03-04,14:00,108.71
TSLA,2026-03-04,15:00,108.59
TSLA,2026-03-04,16:00,109.19
TSLA,2026-03-05,9:00,109.64
TSLA,2026-03-05,10:00,110.09
TSLA,2026-03-05,11:00,110.81
TSLA,2026-03-05,12:00,110.82
TSLA,2026-03-05,13:00,111.2
TSLA,2026-03-05,14:00,111.03
TSLA,2026-03-05,15:00,111.21
TSLA,2026-03-05,16:00,111.13
TSLA,2026-03-06,9:00,111.19
TSLA,2026-03-06,10:00,111.52
TSLA,2026-03-06,11:00,111.06
TSLA,2026-03-06,12:00,112.23
TSLA,2026-03-06,13:00,111.67
TSLA,2026-03-06,14:00,110.99
TSLA,2026-03-06,15:00,111.64
TSLA,2026-03-06,16:00,112.08
TSLA,2026-03-07,9:00,112.43
TSLA,2026-03-07,10:00,112.78
TSLA,2026-03-07,11:00,112.78
TSLA,2026-03-07,12:00,112.27
TSLA,2026-03-07,13:00,112.31
TSLA,2026-03-07,14:00,111.94
TSLA,2026-03-07,15:00,112.48
TSLA,2026-03-07,16:00,112.4
META,2026-03-01,9:00,293.63
META,2026-03-01,10:00,293.15
META,2026-03-01,11:00,293.76
META,2026-03-01,12:00,292.93
META,2026-03-01,13:00,291.73
META,2026-03-01,14:00,292.09
META,2026-03-01,15:00,292.45
META,2026-03-01,16:00,291.7
META,2026-03-02,9:00,291.02
META,2026-03-02,10:00,291.36
META,2026-03-02,11:00,289.25
META,2026-03-02,12:00,287.23
META,2026-03-02,13:00,286.2
META,2026-03-02,14:00,285.89
META,2026-03-02,15:00,286.34
META,2026-03-02,16:00,288.46
META,2026-03-03,9:00,289.7
META,2026-03-03,10:00,289.46
META,2026-03-03,11:00,289.44
META,2026-03-03,12:00,287.99
META,2026-03-03,13:00,287.96
META,2026-03-03,14:00,287.55
META,2026-03-03,15:00,288.01
META,2026-03-03,16:00,286.82
META,2026-03-04,9:00,287.57
META,2026-03-04,10:00,289.78
META,2026-03-04,11:00,289.62
META,2026-03-04,12:00,290.21
META,2026-03-04,13:00,291.21
META,2026-03-04,14:00,290.62
META,2026-03-04,15:00,290.95
META,2026-03-04,16:00,290.97
META,2026-03-05,9:00,291.11
META,2026-03-05,10:00,289.99
META,2026-03-05,11:00,290.02
META,2026-03-05,12:00,290.75
META,2026-03-05,13:00,292.86
META,2026-03-05,14:00,294.27
META,2026-03-05,15:00,297.46
META,2026-03-05,16:00,296.32
META,2026-03-06,9:00,297.61
META,2026-03-06,10:00,297.89
META,2026-03-06,11:00,301.17
META,2026-03-06,12:00,299.95
META,2026-03-06,13:00,298.69
META,2026-03-06,14:00,297.8
META,2026-03-06,15:00,294.65
META,2026-03-06,16:00,293.88
META,2026-03-07,9:00,292.77
META,2026-03-07,10:00,292.99
META,2026-03-07,11:00,293.49
META,2026-03-07,12:00,296.26
META,2026-03-07,13:00,297.67
META,2026-03-07,14:00,296.81
META,2026-03-07,15:00,295.48
META,2026-03-07,16:00,296.21
JPM,2026-03-01,9:00,249.18
JPM,2026-03-01,10:00,251.47
JPM,2026-03-01,11:00,252.96
JPM,2026-03-01,12:00,252.37
JPM,2026-03-01,13:00,250.21
JPM,2026-03-01,14:00,251.91
JPM,2026-03-01,15:00,251.77
JPM,2026-03-01,16:00,253.33
JPM,2026-03-02,9:00,251.32
JPM,2026-03-02,10:00,250.57
JPM,2026-03-02,11:00,250.58
JPM,2026-03-02,12:00,250.63
JPM,2026-03-02,13:00,250.07
JPM,2026-03-02,14:00,250.85
JPM,2026-03-02,15:00,249.52
JPM,2026-03-02,16:00,249.34
JPM,2026-03-03,9:00,249.49
JPM,2026-03-03,10:00,250.13
JPM,2026-03-03,11:00,251.02
JPM,2026-03-03,12:00,249.61
JPM,2026-03-03,13:00,247.71
JPM,2026-03-03,14:00,249.29
JPM,2026-03-03,15:00,249.71
JPM,2026-03-03,16:00,248.78
JPM,2026-03-04,9:00,250.71
JPM,2026-03-04,10:00,250.86
JPM,2026-03-04,11:00,252.34
JPM,2026-03-04,12:00,252.43
JPM,2026-03-04,13:00,255.04
JPM,2026-03-04,14:00,257.29
JPM,2026-03-04,15:00,256.97
JPM,2026-03-04,16:00,258.22
JPM,2026-03-05,9:00,259.06
JPM,2026-03-05,10:00,260.83
JPM,2026-03-05,11:00,259.58
JPM,2026-03-05,12:00,260.47
JPM,2026-03-05,13:00,261.85
JPM,2026-03-05,14:00,259.56
JPM,2026-03-05,15:00,258.03
JPM,2026-03-05,16:00,255.41
JPM,2026-03-06,9:00,255.07
JPM,2026-03-06,10:00,255.98
JPM,2026-03-06,11:00,257.92
JPM,2026-03-06,12:00,258.01
JPM,2026-03-06,13:00,260.12
JPM,2026-03-06,14:00,258.33
JPM,2026-03-06,15:00,256.14
JPM,2026-03-06,16:00,256.07
JPM,2026-03-07,9:00,256.56
JPM,2026-03-07,10:00,256.52
JPM,2026-03-07,11:00,253.88
JPM,2026-03-07,12:00,253.77
JPM,2026-03-07,13:00,252.12
JPM,2026-03-07,14:00,252.96
JPM,2026-03-07,15:00,253.43
JPM,2026-03-07,16:00,252.24
V,2026-03-01,9:00,465.79
V,2026-03-01,10:00,463.33
V,2026-03-01,11:00,463.19
V,2026-03-01,12:00,465.4
V,2026-03-01,13:00,463.12
V,2026-03-01,14:00,464.28
V,2026-03-01,15:00,463.05
V,2026-03-01,16:00,461.22
V,2026-03-02,9:00,460.98
V,2026-03-02,10:00,458.6
V,2026-03-02,11:00,457.33
V,2026-03-02,12:00,454.6
V,2026-03-02,13:00,459.08
V,2026-03-02,14:00,459.17
V,2026-03-02,15:00,457.56
V,2026-03-02,16:00,458.05
V,2026-03-03,9:00,457.79
V,2026-03-03,10:00,457.29
V,2026-03-03,11:00,458.7
V,2026-03-03,12:00,460.44
V,2026-03-03,13:00,459.22
V,2026-03-03,14:00,457.9
V,2026-03-03,15:00,457.27
V,2026-03-03,16:00,452.03
V,2026-03-04,9:00,448.62
V,2026-03-04,10:00,451.7
V,2026-03-04,11:00,455.43
V,2026-03-04,12:00,454.86
V,2026-03-04,13:00,456.18
V,2026-03-04,14:00,456.89
V,2026-03-04,15:00,463.97
V,2026-03-04,16:00,466.58
V,2026-03-05,9:00,466.28
V,2026-03-05,10:00,464.06
V,2026-03-05,11:00,460.35
V,2026-03-05,12:00,460.81
V,2026-03-05,13:00,459.08
V,2026-03-05,14:00,455.82
V,2026-03-05,15:00,454.35
V,2026-03-05,16:00,451.9
V,2026-03-06,9:00,455.73
V,2026-03-06,10:00,457.74
V,2026-03-06,11:00,457.72
V,2026-03-06,12:00,461.12
V,2026-03-06,13:00,461.3
V,2026-03-06,14:00,459.32
V,2026-03-06,15:00,462.83
V,2026-03-06,16:00,464.08
V,2026-03-07,9:00,461.68
V,2026-03-07,10:00,461.24
V,2026-03-07,11:00,459.22
V,2026-03-07,12:00,456.06
V,2026-03-07,13:00,458.18
V,2026-03-07,14:00,462.57
V,2026-03-07,15:00,459.35
V,2026-03-07,16:00,460.64
WMT,2026-03-01,9:00,236.88
WMT,2026-03-01,10:00,236.3
WMT,2026-03-01,11:00,235.6
WMT,2026-03-01,12:00,234.59
WMT,2026-03-01,13:00,234.64
WMT,2026-03-01,14:00,233.67
WMT,2026-03-01,15:00,233.99
WMT,2026-03-01,16:00,233.93
WMT,2026-03-02,9:00,233.65
WMT,2026-03-02,10:00,232.59
WMT,2026-03-02,11:00,231.92
WMT,2026-03-02,12:00,232.8
WMT,2026-03-02,13:00,233.38
WMT,2026-03-02,14:00,232.25
WMT,2026-03-02,15:00,232.36
WMT,2026-03-02,16:00,233.24
WMT,2026-03-03,9:00,231.3
WMT,2026-03-03,10:00,231.93
WMT,2026-03-03,11:00,231.16
WMT,2026-03-03,12:00,231.82
WMT,2026-03-03,13:00,230.94
WMT,2026-03-03,14:00,228.86
WMT,2026-03-03,15:00,227.01
WMT,2026-03-03,16:00,227.06
WMT,2026-03-04,9:00,227.36
WMT,2026-03-04,10:00,226.33
WMT,2026-03-04,11:00,227.05
WMT,2026-03-04,12:00,225.18
WMT,2026-03-04,13:00,225.1
WMT,2026-03-04,14:00,223.74
WMT,2026-03-04,15:00,223.01
WMT,2026-03-04,16:00,223.07
WMT,2026-03-05,9:00,222.11
WMT,2026-03-05,10:00,221.68
WMT,2026-03-05,11:00,222.8
WMT,2026-03-05,12:00,222.16
WMT,2026-03-05,13:00,223.09
WMT,2026-03-05,14:00,221.83
WMT,2026-03-05,15:00,222.42
WMT,2026-03-05,16:00,224.03
WMT,2026-03-06,9:00,221.28
WMT,2026-03-06,10:00,220.4
WMT,2026-03-06,11:00,221.04
WMT,2026-03-06,12:00,220.81
WMT,2026-03-06,13:00,221.22
WMT,2026-03-06,14:00,220.55
WMT,2026-03-06,15:00,220.65
WMT,2026-03-06,16:00,220.48
WMT,2026-03-07,9:00,221.77
WMT,2026-03-07,10:00,222.05
WMT,2026-03-07,11:00,222.43
WMT,2026-03-07,12:00,221.97
WMT,2026-03-07,13:00,221.43
WMT,2026-03-07,14:00,220.95
WMT,2026-03-07,15:00,221.39
WMT,2026-03-07,16:00,220.92
JNJ,2026-03-01,9:00,103.6
JNJ,2026-03-01,10:00,104.68
JNJ,2026-03-01,11:00,105.14
JNJ,2026-03-01,12:00,104.97
JNJ,2026-03-01,13:00,105.6
JNJ,2026-03-01,14:00,105.38
JNJ,2026-03-01,15:00,104.31
JNJ,2026-03-01,16:00,103.79
JNJ,2026-03-02,9:00,102.82
JNJ,2026-03-02,10:00,102.64
JNJ,2026-03-02,11:00,102.65
JNJ,2026-03-02,12:00,103.52
JNJ,2026-03-02,13:00,103.69
JNJ,2026-03-02,14:00,103.57
JNJ,2026-03-02,15:00,104.0
JNJ,2026-03-02,16:00,102.86
JNJ,2026-03-03,9:00,102.98
JNJ,2026-03-03,10:00,103.38
JNJ,2026-03-03,11:00,102.62
JNJ,2026-03-03,12:00,103.21
JNJ,2026-03-03,13:00,103.38
JNJ,2026-03-03,14:00,103.17
JNJ,2026-03-03,15:00,103.49
JNJ,2026-03-03,16:00,104.67
JNJ,2026-03-04,9:00,104.77
JNJ,2026-03-04,10:00,104.9
JNJ,2026-03-04,11:00,104.66
JNJ,2026-03-04,12:00,104.22
JNJ,2026-03-04,13:00,104.65
JNJ,2026-03-04,14:00,104.2
JNJ,2026-03-04,15:00,104.24
JNJ,2026-03-04,16:00,103.99
JNJ,2026-03-05,9:00,104.24
JNJ,2026-03-05,10:00,104.41
JNJ,2026-03-05,11:00,104.96
JNJ,2026-03-05,12:00,104.69
JNJ,2026-03-05,13:00,104.55
JNJ,2026-03-05,14:00,104.04
JNJ,2026-03-05,15:00,103.81
JNJ,2026-03-05,16:00,104.0
JNJ,2026-03-06,9:00,104.4
JNJ,2026-03-06,10:00,103.92
JNJ,2026-03-06,11:00,104.37
JNJ,2026-03-06,12:00,105.08
JNJ,2026-03-06,13:00,105.3
JNJ,2026-03-06,14:00,106.29
JNJ,2026-03-06,15:00,105.88
JNJ,2026-03-06,16:00,105.22
JNJ,2026-03-07,9:00,104.29
JNJ,2026-03-07,10:00,105.07
JNJ,2026-03-07,11:00,105.42
JNJ,2026-03-07,12:00,105.39
JNJ,2026-03-07,13:00,105.54
JNJ,2026-03-07,14:00,104.95
JNJ,2026-03-07,15:00,106.24
JNJ,2026-03-07,16:00,106.31
PG,2026-03-01,9:00,449.71
PG,2026-03-01,10:00,451.34
PG,2026-03-01,11:00,452.43
PG,2026-03-01,12:00,452.93
PG,2026-03-01,13:00,451.15
PG,2026-03-01,14:00,452.21
PG,2026-03-01,15:00,456.49
PG,2026-03-01,16:00,459.57
PG,2026-03-02,9:00,463.24
PG,2026-03-02,10:00,462.06
PG,2026-03-02,11:00,459.78
PG,2026-03-02,12:00,459.49
PG,2026-03-02,13:00,459.62
PG,2026-03-02,14:00,462.14
PG,2026-03-02,15:00,458.25
PG,2026-03-02,16:00,461.77
PG,2026-03-03,9:00,461.4
PG,2026-03-03,10:00,460.42
PG,2026-03-03,11:00,458.09
PG,2026-03-03,12:00,454.32
PG,2026-03-03,13:00,456.19
PG,2026-03-03,14:00,456.36
PG,2026-03-03,15:00,453.43
PG,2026-03-03,16:00,450.5
PG,2026-03-04,9:00,449.74
PG,2026-03-04,10:00,453.51
PG,2026-03-04,11:00,452.92
PG,2026-03-04,12:00,449.53
PG,2026-03-04,13:00,448.98
PG,2026-03-04,14:00,448.37
PG,2026-03-04,15:00,442.36
PG,2026-03-04,16:00,442.24
PG,2026-03-05,9:00,441.73
PG,2026-03-05,10:00,443.27
PG,2026-03-05,11:00,447.39
PG,2026-03-05,12:00,449.92
PG,2026-03-05,13:00,449.31
PG,2026-03-05,14:00,446.83
PG,2026-03-05,15:00,452.62
PG,2026-03-05,16:00,452.75
PG,2026-03-06,9:00,452.79
PG,2026-03-06,10:00,452.73
PG,2026-03-06,11:00,453.18
PG,2026-03-06,12:00,452.85
PG,2026-03-06,13:00,451.56
PG,2026-03-06,14:00,450.32
PG,2026-03-06,15:00,450.25
PG,2026-03-06,16:00,449.03
PG,2026-03-07,9:00,447.43
PG,2026-03-07,10:00,447.67
PG,2026-03-07,11:00,447.1
PG,2026-03-07,12:00,450.47
PG,2026-03-07,13:00,444.54
PG,2026-03-07,14:00,446.97
PG,2026-03-07,15:00,449.77
PG,2026-03-07,16:00,445.13
DIS,2026-03-01,9:00,472.49
DIS,2026-03-01,10:00,471.61
DIS,2026-03-01,11:00,468.31
DIS,2026-03-01,12:00,466.49
DIS,2026-03-01,13:00,463.9
DIS,2026-03-01,14:00,467.99
DIS,2026-03-01,15:00,470.18
DIS,2026-03-01,16:00,473.18
DIS,2026-03-02,9:00,474.89
DIS,2026-03-02,10:00,472.22
DIS,2026-03-02,11:00,470.98
DIS,2026-03-02,12:00,472.13
DIS,2026-03-02,13:00,469.26
DIS,2026-03-02,14:00,470.93
DIS,2026-03-02,15:00,470.37
DIS,2026-03-02,16:00,469.49
DIS,2026-03-03,9:00,471.16
DIS,2026-03-03,10:00,472.21
DIS,2026-03-03,11:00,471.36
DIS,2026-03-03,12:00,474.1
DIS,2026-03-03,13:00,471.54
DIS,2026-03-03,14:00,473.0
DIS,2026-03-03,15:00,474.4
DIS,2026-03-03,16:00,473.67
DIS,2026-03-04,9:00,474.44
DIS,2026-03-04,10:00,471.48
DIS,2026-03-04,11:00,473.66
DIS,2026-03-04,12:00,473.23
DIS,2026-03-04,13:00,471.99
DIS,2026-03-04,14:00,474.47
DIS,2026-03-04,15:00,472.81
DIS,2026-03-04,16:00,469.49
DIS,2026-03-05,9:00,465.85
DIS,2026-03-05,10:00,467.26
DIS,2026-03-05,11:00,464.28
DIS,2026-03-05,12:00,468.37
DIS,2026-03-05,13:00,463.52
DIS,2026-03-05,14:00,467.47
DIS,2026-03-05,15:00,467.96
DIS,2026-03-05,16:00,467.74
DIS,2026-03-06,9:00,466.46
DIS,2026-03-06,10:00,467.4
DIS,2026-03-06,11:00,467.31
DIS,2026-03-06,12:00,469.89
DIS,2026-03-06,13:00,470.16
DIS,2026-03-06,14:00,470.51
DIS,2026-03-06,15:00,469.66
DIS,2026-03-06,16:00,469.53
DIS,2026-03-07,9:00,470.25
DIS,2026-03-07,10:00,466.25
DIS,2026-03-07,11:00,463.11
DIS,2026-03-07,12:00,464.84
DIS,2026-03-07,13:00,465.23
DIS,2026-03-07,14:00,464.81
DIS,2026-03-07,15:00,464.85
DIS,2026-03-07,16:00,465.66
NFLX,2026-03-01,9:00,414.74
NFLX,2026-03-01,10:00,413.13
NFLX,2026-03-01,11:00,413.53
NFLX,2026-03-01,12:00,411.52
NFLX,2026-03-01,13:00,412.36
NFLX,2026-03-01,14:00,408.86
NFLX,2026-03-01,15:00,410.97
NFLX,2026-03-01,16:00,411.94
NFLX,2026-03-02,9:00,412.47
NFLX,2026-03-02,10:00,414.5
NFLX,2026-03-02,11:00,417.97
NFLX,2026-03-02,12:00,420.09
NFLX,2026-03-02,13:00,416.24
NFLX,2026-03-02,14:00,413.59
NFLX,2026-03-02,15:00,412.3
NFLX,2026-03-02,16:00,412.35
NFLX,2026-03-03,9:00,413.42
NFLX,2026-03-03,10:00,411.92
NFLX,2026-03-03,11:00,412.31
NFLX,2026-03-03,12:00,410.75
NFLX,2026-03-03,13:00,409.5
NFLX,2026-03-03,14:00,406.63
NFLX,2026-03-03,15:00,404.76
NFLX,2026-03-03,16:00,402.03
NFLX,2026-03-04,9:00,400.07
NFLX,2026-03-04,10:00,402.19
NFLX,2026-03-04,11:00,400.28
NFLX,2026-03-04,12:00,405.59
NFLX,2026-03-04,13:00,406.59
NFLX,2026-03-04,14:00,406.96
NFLX,2026-03-04,15:00,405.22
NFLX,2026-03-04,16:00,406.64
NFLX,2026-03-05,9:00,405.47
NFLX,2026-03-05,10:00,405.72
NFLX,2026-03-05,11:00,410.95
NFLX,2026-03-05,12:00,410.75
NFLX,2026-03-05,13:00,413.12
NFLX,2026-03-05,14:00,411.67
NFLX,2026-03-05,15:00,411.6
NFLX,2026-03-05,16:00,415.26
NFLX,2026-03-06,9:00,413.96
NFLX,2026-03-06,10:00,417.73
NFLX,2026-03-06,11:00,419.21
NFLX,2026-03-06,12:00,418.03
NFLX,2026-03-06,13:00,419.35
NFLX,2026-03-06,14:00,421.4
NFLX,2026-03-06,15:00,422.71
NFLX,2026-03-06,16:00,419.4
NFLX,2026-03-07,9:00,417.88
NFLX,2026-03-07,10:00,417.36
NFLX,2026-03-07,11:00,417.21
NFLX,2026-03-07,12:00,418.51
NFLX,2026-03-07,13:00,418.88
NFLX,2026-03-07,14:00,416.09
NFLX,2026-03-07,15:00,416.88
NFLX,2026-03-07,16:00,418.16
HD,2026-03-01,9:00,379.34
HD,2026-03-01,10:00,381.4
HD,2026-03-01,11:00,382.99
HD,2026-03-01,12:00,383.87
HD,2026-03-01,13:00,383.73
HD,2026-03-01,14:00,380.56
HD,2026-03-01,15:00,381.38
HD,2026-03-01,16:00,381.78
HD,2026-03-02,9:00,382.29
HD,2026-03-02,10:00,379.86
HD,2026-03-02,11:00,377.81
HD,2026-03-02,12:00,379.81
HD,2026-03-02,13:00,379.73
HD,2026-03-02,14:00,381.03
HD,2026-03-02,15:00,381.08
HD,2026-03-02,16:00,381.14
HD,2026-03-03,9:00,382.93
HD,2026-03-03,10:00,381.95
HD,2026-03-03,11:00,382.13
HD,2026-03-03,12:00,381.25
HD,2026-03-03,13:00,380.42
HD,2026-03-03,14:00,379.83
HD,2026-03-03,15:00,380.25
HD,2026-03-03,16:00,379.35
HD,2026-03-04,9:00,381.73
HD,2026-03-04,10:00,380.03
HD,2026-03-04,11:00,379.68
HD,2026-03-04,12:00,378.84
HD,2026-03-04,13:00,381.59
HD,2026-03-04,14:00,381.97
HD,2026-03-04,15:00,383.94
HD,2026-03-04,16:00,381.1
HD,2026-03-05,9:00,381.61
HD,2026-03-05,10:00,383.31
HD,2026-03-05,11:00,383.47
HD,2026-03-05,12:00,385.52
HD,2026-03-05,13:00,384.52
HD,2026-03-05,14:00,387.24
HD,2026-03-05,15:00,391.72
HD,2026-03-05,16:00,391.01
HD,2026-03-06,9:00,390.14
HD,2026-03-06,10:00,392.99
HD,2026-03-06,11:00,396.1
HD,2026-03-06,12:00,395.07
HD,2026-03-06,13:00,394.24
HD,2026-03-06,14:00,393.68
HD,2026-03-06,15:00,391.05
HD,2026-03-06,16:00,389.25
HD,2026-03-07,9:00,387.3
HD,2026-03-07,10:00,385.82
HD,2026-03-07,11:00,385.75
HD,2026-03-07,12:00,386.2
HD,2026-03-07,13:00,389.21
HD,2026-03-07,14:00,387.27
HD,2026-03-07,15:00,389.18
HD,2026-03-07,16:00,388.77
